forum.amadeus-project.com;
ob.zarplata.ru;
issuu.com;
provolp.ru;
workius.ru;
diplomba.ru;
polpred.com;
rabotanikopol.jimdofree.com;
eurabota.com;
docplayer.ru;
www.gov.spb.ru;
ufa-santehnik.ru;
www.stroy-list.ru;
tandem-agro.ru;
vygodaservis.ru;
www.innokam.ru;
am.kompass.com;
metaprom.ru;
rusmetallurgiya.ru;
www.systemair.nt-rt.ru;
www.calameo.com;
pervyimaster.ru;
minskexpo.com;
www.domkadrov.ru;
www.steelland.ru;
www.trud.com;
sila-sibiri-rabota.ru;
www.triakomm.com;
hh202020.com;
jobajobs.ru;
xn----7sbeiia6axumbcqds.stranaru.ru;
www.rosfirm.ru;
forumspb.com;
www.scribd.com;
www.polska.polpred.ru;
job-bing.ru;
bronnitsy.ru;
strk-sib.ru;
ingushetiya.wordpress.com;
www.regtorg.ru;
flyable.ru;
jou.rfixe.com;
subscribe.ru;
cavrestaurant.com;
runfo.ru;
altafreg.weebly.com;
ак44.рф;
magpie.39-kaliningrad.ru;
wwwtip.e1234.ru;
chinadialog.ru;
forsenergy.ru;
biznesvradost.ru;
avtomarketkar-go.ru;
hilogistic.ru;
www.nissan-vsem.ru;
daewoo-mag.ru;
ритм-авто.рф;
driveto.ru;
www.zzap.ru;
зеленыйсвет.рф;
okubo.ru;
доступныйсервис.рф;
www.drom.ru;
m.eurabota.com;
www.farpost.ru;
zarinsk.akb22.ru;
ar-ar.facebook.com;
rgtrust.ru;
lrrus64.ru;
avtodelux75.ru;
favorit-parts.ru;
www.in-auto.ru;
ixora-auto.ru;
proautomarki.ru;
www.picuki.com;
www.linguee.com;
www.alpha-avto.ru;
www.iimes.ru;
globusks.ru;
tj-service.ru;
toyota-sienna.ru;
www.ambercity.ru;
ru.greenvitality-mould.com;
trade-in58.ru;
moskva.jobfilter.ru;
ros-tile.ru;
www.linguee.ru;
romario-auto.com;
www.vsevreg.ru;
dimera.ru;
gramho.com;
rusplt.livejournal.com;
portz.ru;
kxpackagingmachine.ru;
carscomfort.ru;
sitysun.ru;
streetmarket.ru;
api.nntu.ru;
niagan.boostmasters.ru;
bsnslife.ru;
3dnews.ru;
nowstore.ru;
asninfo.ru;
mxgroup.ru;
piter-at.ru;
trustautospb.ru;
monitoring.lenreg.ru;
rostov-nd.dipos.ru;
dipos.ru;
lasar.ru;
www.ventland.ru;
tkpss.ru;
www.stroyvent-spb.ru;
truba24.ru;
uralcci.com;
freelance.ru;
armavent.ru;
www.volgavent.ru;
www.aircon.ru;
gov.spb.ru;
www.rusmetallurgiya.ru;
metal100.ru;
lipetsk.gorodrabot.ru;
metal.agroserver.ru;
www.metalinfo.ru;
www.scaner-pl.ru;
www.ramdex.ru;
arvd.ru;
ccmisoleccrn.blogspot.com;
www.liveinternet.ru;
krd.yuginform.ru;
www.orgpage.ru;
uslugio.com;
www.krasfair.ru;
newsruss.ru;
russ-metall.ru;
textarchive.ru;
smi2go.ru;
www.ruprom.ru;
ru.indeed.com;
kassot.com;
temryuk.gde.ru;
сила-сибири.рф;
www.steelbuildings.ru;
www.facebook.com;
moskva.fis.ru;
гибкав.рф;
ra.ru;
vedom.ru;
prof-nnov.ru;
www.yarcom.ru;
productcenter.ru;
gidpokraske.ru;
tender-rus.ru;
www.consultant.ru;
expertology.ru;
forum.amadeus-project.com;
norm-load.ru;
www.buxprofi.ru;
www.mehanika.ru;
cyberleninka.ru;
himija-online.ru;
www.port3.ru;
www.audit-it.ru;
podelu.ru;
krutimotor.ru;
oma-polymer.com;
yarwiki.ru;
www.optom365.ru;
www.yarcom.ru;
www.wiki-prom.ru;
www.optom365.ru;
buhprocons.ru;
ntcrti.ru;
s-agroservis.ru;
knaufautomotive.com;
www.olmosdon.com;
iskosh.ru;
www.alekstroy.com;
www.ivolga.ru;
www.vashdom.ru;
knaufautomotive.com;
www.mehanika.ru;
hydrotechnics.ru;
dom-srub-banya.ru;
golden-mask-md.ru;
dalas-avto.ru;
polimerinfo.com;
gidpokraske.ru;
www.yarcom.ru;
productcenter.ru;
knaufautomotive.com;
s-agroservis.ru;
expertology.ru;
www.stranaru.ru;
krutimotor.ru;
knaufautomotive.com;
himija-online.ru;
www.yarcom.ru;
www.mehanika.ru;
www.europages.com.ru;
cyberleninka.ru;
oma-polymer.com;
www.mehanika.ru;
www.optom365.ru;
yarwiki.ru;
golden-mask-md.ru;
www.port3.ru;
www.ivolga.ru;
tender-rus.ru;
podelu.ru;
www.optom365.ru;
www.consultant.ru;
www.olmosdon.com;
iskosh.ru;
knowledge.allbest.ru;
zinref.ru;
www.vashdom.ru;
www.audit-it.ru;
www.motorzona.ru;
ntcrti.ru;
hydrotechnics.ru;
www.buxprofi.ru;
polimerinfo.com;
dom-srub-banya.ru;
www.soda.ru;
mc.ru;
zavod-rtt.ru;
nordenwerk.com;
stzavod.com;
rossaprimavera.ru;
trubprom.com;
zavod-rtt.ru;
www.td-rtz.ru;
www.nttzm.ru;
stktubes.ru;
employment-services.ru;
www.smc-steelline.ru;
promstalproduct.ru;
studwood.ru;
egripsru.com;
extxe.com;
plavstal.ru;
extxe.com;
www.rsmetall.com;
tpholding.ru;
www.departament13.ru;
pkapex.ru;
vtk35.com;
trubaspec.com;
yandex.ru;
www.baltinox.ru;
domenolog.ru;
nerudopt.ru;
www.youtube.com;
www.ec-marketing.ru;
stktubes.ru;
www.youtube.com;
www.megastal.ru;
pk-progres.ru;
trubaspec.com;
www.megastal.ru;
ipris-profil.com;
bugulma.bezformata.com;
www.arma-prom.ru;
nn.tiu.ru;
prof-nnov.ru;
trubygid.ru;
ajax-metall.ru;
2gis.ru;
завод-вентиляции.рф;
www.globalvent.com;
profvent59.ru;
moscow.cataloxy.ru;
moskva.regtorg.ru;
razvitie-pu.ru;
msk.yp.ru;
fortros.ru;
www.equipnet.ru;
bronnicy.vpk-radoneg.ru;
po-korf.ru;
effv.ru;
progress-nw.ru;
www.nnv.ru;
tpkom.com;
www.cvm.ru;
str-vent.ru;
passport.rostov-gorod.ru;
xolodservice.ru;
aclimarostec.ru;
ventilation-equipment.ru;
www.osnotek.ru;
lipeck.bestru.ru;
volgavent.ru;
eurovent-74.ru;
бесплатныеобъявления.рф;
omvent.com;
priovent.ru;
sip-msk.ru;
ekovent.ru;
www.otzywy.com;
www.ros-bis.ru;
pktitan.ru;
завод-вентмаш.рф;
www.yandex.ru;
venttehnica.ru;
ventec.ru;
mos-clim.ru;
www.airpromvent.ru;
turkov.ru;
aircutklima.com;
mosregionvent.ru;
ometalledo.ru;
oborudovanie.myprom.ru;
tpkvc.ru;
svok.com;
grandclimate.ru;
ventilacia-spb.ru;
www.rival-laser.ru;
ventproduct.ru;
tdkomteh.ru;
my.biznet.ru;
rsvgroup.ru;
ventek.ru;
searchfactory.ru;
fabricators.ru;
rti-tahograf.ru;
русскийсоюз.рф;
nn.all-gorod.ru;
parts-news.ru;
www.akb22.ru;
fenko.ru.com;
trvid.com;
nachalo.com;
sokudomoto.ru;
tadashisa.com;
www.west-asia.com;
russian.alibaba.com;
ru.made-in-china.com;
detal-group.ru;
blog.iqb.ru;
www.rastek.ru;
yandex.com;
karachev32.ru;
alterainvest.ru;
regnum.ru;
www.neobroker.ru;
63.мвд.рф;
gmstar.ru;
ru.depositphotos.com;
novostit.com;
news.myseldon.com;
misanec.ru;
каталог-статей.рф;
lytkarino.vpk-radoneg.ru;
www.vent-vektor.ru;
www.astravent74.ru;
elvids.com;
smolensk.metaprom.ru;
ekaterinburg.cataloxy.ru;
strojdvor.ru;
spravochnika.ru;
www.venta-air.ru;
rudos.ru;

www.pv-s.ru;+74872300394
www.spbastion.ru;+78126409300
spbastion.ru;+78003330507
luftstark.ru;+78612971657
pipewool.com;+78003021442
dipos-altai.ru;+73852502502
dm.gaz.ru;+74956794925
avtopasker.ru;+74991692070
www.autoopt.ru;+78005550877
spparts.ru;+74957712592
mehanika.ru;+74959631913
www.auto-z.ru;+74959882013
armtek.ru;+74951323775
www.armtek.ru;+74951321667
berg.ru;+74957889597
mobilcraft.ru;+74954103130
bat-parts.com;+74955653548
zavodgidro.ru;+79207266290
www.mvif.ru;+74959886444
www.sod-98.ru;+74955286337
www.mzgpo.ru;+74952202188
www.tss.ru;+74952580020
www.aolgm.ru;+74956777343
tubes2000.ru;+74951110099
www.li-art.ru;+74959959019
technomeridian.ru;+74951330151
jtlab.ru;+79060980028
vt-metall.ru;+74954886587
autorus.ru;+74952761521
temp-bp.ru;+74959433545
doda-parts.ru;+74991105888
www.mc.ru;+74959251155
hqautoparts.ru;+74997023310
tm-avto.ru;+7 (495) 506-17-19, +7 (916) 199-43-67
www.amag.ru;+7 (495) 911-88-51
www.fortluft.ru;8 (800) 222-00-42, +7 (926) 975-55-92, +7 (495) 777-91-51, +7 (495) 777-91-55
euroford.ru;+7 (495) 913-25-95, +7 (495) 973-36-73, +7 (499) 267-17-20
v-zapas.ru;+7 (977) 472-39-77, +7 (499) 130-63-36
carreta.ru;+7 (499) 490-51-30
pkw-motors.ru;+7 (499) 647-76-14
autosotta.ru;+7 (495) 946-78-79, +7 (903) 553-50-55
www.nissan-nissan.ru;+7 (495) 104-79-97
resavto.ru;+7 (495) 603-57-59, +7 (965) 445-66-15, +7 (916) 098-79-51
www.akadia.ru;+7 (495) 737-63-93, +7 (495) 775-77-44, +7 (495) 366-96-29, +7 (495) 366-98-83
auto-grem.ru;+7 (495) 739-55-14, +7 (495) 739-55-15, +7 (499) 268-66-18, +7 (499) 268-99-29
kornasto.ru;+7 (495) 649-89-91
arcticmachine.ru;+7 (495) 963-23-35, +7 (926) 390-27-00, +7 (495) 964-38-10, +7 (495) 414-12-13
oszz.ru;+7 (495) 221-28-48, +7 (495) 978-39-62, +7 (901) 517-39-62
www.engines.ru;+7 (495) 788-13-76, +7 (495) 674-38-91
autoglavsnab.ru;+7 (495) 509-24-67, +7 (925) 509-28-67
air21.ru;+7 (495) 790-68-90
vent-all.ru;+7 (495) 988-59-60, +7 (495) 215-18-75
euroclimat.ru;8 (800) 333-47-33, +7 (499) 753-02-53, +7 (499) 753-03-02, +7 (499) 753-03-05, +7 (499) 753-02-01, +7 (499) 753-03-07
ventelator.ru;+7 (499) 348-29-16, +7 (977) 648-41-51
ventm.ru;+7 (495) 411-08-68, +7 (985) 998-00-89
promvs.ru;+7 (495) 514-41-01, +7 (495) 924-33-32
climatech-engineering.ru;+7 (495) 640-58-48
www.nevatom.ru;+7 (495) 120-02-21
new.pro-lam.ru;+7 (495) 231-21-64, +7 (495) 229-50-69, +7 (495) 540-70-75
www.informteh.ru;+7 (495) 212-14-11, +7 (495) 212-07-22
www.aircentr.ru;+7 (495) 201-87-17, +7 (495) 208-92-98
www.dttermo.ru;+7 (495) 777-23-99
www.yalca.ru;+7 (495) 215-50-15
eshop.vtsgroup.com;8 (800) 333-03-36, +7 (495) 799-94-01
sovplym.ru;8 (800) 555-83-03, +7 (495) 742-77-20, +7 (495) 121-06-56
www.airvek.ru;+7 (495) 517-33-71
engvent.ru;8 (800) 555-25-79, +7 (495) 505-52-88, +7 (495) 545-42-38
vnt24.ru;+7 (495) 108-07-93
vksinzh.ru;+7 (495) 134-49-00
www.eltecom.ru;+7 (495) 663-60-50, +7 (495) 663-60-53, +7 (495) 663-60-49, +7 (903) 567-98-33
aerostarmsk.ru;+7 (495) 780-31-41, +7 (499) 653-91-93
www.bioshop.ru;+7 (495) 956-79-29, +7 (495) 363-38-01
glavsvar.ru;+7 (495) 204-36-24, +7 (495) 204-36-34
www.yrossi.ru;+7 (499) 938-91-52, +7 (495) 308-99-11
kolba.ru;8 (800) 222-80-11, +7 (495) 676-07-27
www.yusta-auto.ru;+7 (916) 097-12-12
x-kamin.ru;8 (800) 550-78-63, +7 (495) 726-78-37, +7 (495) 726-78-27
terminusmarket.ru;+7 (499) 649-87-86
klevergk.ru;+7 (499) 642-35-01, +7 (499) 938-74-88
www.artoffire.ru;+7 (499) 938-74-19
ventar.ru;+7 (495) 660-07-75, +7 (495) 181-50-10, +7 (499) 371-06-16
hypervent.ru;+7 (499) 112-31-23
www.rokraft.ru;+7 (495) 673-22-77, +7 (495) 673-77-22
metstroy.ru;+7 (495) 225-38-80, +7 (903) 268-90-37
www.fitingplast.ru;+7 (495) 661-36-68, +7 (495) 981-55-38, +7 (495) 981-55-39
www.vozduhoff.ru;+7 (499) 938-44-06, +7 (495) 532-87-78, +7 (499) 390-39-69
cmt-shop.ru;+7 (499) 938-48-21, 8 (800) 200-52-56
tccm.ru;+7 (495) 545-80-45, +7 (925) 545-80-45
www.mirbeer.ru;+7 (926) 922-62-19
www.rospribor.com;+7 (499) 750-96-75, +7 (495) 960-28-32
www.ads-vent.ru;+7 (495) 481-22-94, +7 (495) 481-22-93
polomoknet.ru;+7 (968) 674-40-25, +7 (495) 966-12-41
moyka-servis.ru;+7 (499) 938-77-09, +7 (903) 265-56-63
www.rs2avto.ru;+7 (495) 298-01-07, +7 (903) 127-93-55
lexusdubrovka.ru;+7 (495) 786-82-33, +7 (495) 532-45-05, +7 (495) 974-00-34, +7 (495) 642-22-40, +7 (495) 545-38-24
www.autocarplus.ru;+7 (495) 743-45-44, +7 (909) 151-00-00
tmk-group.ru;+7 (495) 775-76-00, +7 (495) 775-76-01, +7 (495) 775-76-02, +7 (495) 411-53-60
transarm.com;+7 (495) 737-90-17, +7 (495) 737-90-11, 8 (800) 500-35-29
www.snab-element.ru;+7 (499) 990-53-61
2234451.ru;+7 (495) 223-44-51
stvybor.ru;8 (800) 555-20-36, +7 (495) 120-25-94
www.veaz.ru;+7 (495) 150-17-01
www.irimex.ru;+7 (495) 783-60-73, +7 (495) 783-60-74, +7 (495) 664-52-09
www.rtmt.ru;+7 (495) 730-97-80
ntcngd.com;+7 (495) 781-59-17, +7 (495) 781-59-18
www.omk.ru;8 (800) 200-80-00, +7 (495) 730-05-50, +7 (495) 231-77-72
www.mosklapan.ru;+7 (495) 664-48-90, +7 (926) 408-03-27
metalloprokat-staleron.ru;+7 (495) 374-74-72, +7 (495) 149-98-27
www.pkf-macon.ru;+7 (495) 683-64-69, +7 (495) 683-61-84, +7 (495) 616-26-86, +7 (495) 686-18-96, +7 (495) 686-14-91
www.armeks.ru;+7 (499) 677-50-08
www.t-p-i.ru;+7 (495) 755-89-01
ru.valeoservice.com;+7 (495) 981-06-96, +7 (495) 787-59-94, +7 (495) 787-59-92
www.entuziast-spares.ru;+7 (495) 225-73-33
www.japarts.ru;+7 (495) 374-41-11
intertechpribor.ru;8 (800) 777-29-74, +7 (495) 108-29-74, +7 (495) 544-29-74, +7 (967) 287-32-21
