water-es.com;
dostavka-vodu.ru;
vodaindigo.ru;
wateryashop.ru;
neriya.ru;
dostavka-voda.ru;
доставкаводы48.рф;
tverezna.ru;
www.dostavka-vodi.com;
solvoda.ru;
vodonomika.ru;
dostavka-vodi.ru;
www.komandor-nord.ru;
аква-юг.рф;
aquatimespb.ru;
aquaprima.ru;
www.facebook.com;
chistavoda.ru;
vodabro.ru;
voda-slavnitsa.ru;
vlad-voda.ru;
aquadevita.ru;
aquastar-today.ru;
акваяр.рф;
www.agidelpremium.com;
demid-online.ru;
www.facebook.com;
piligrim19.ru;
cone-forest.ru;
piligrim19.ru;
oasis-gidro.ru;
www.voda-city.ru;
avk55.ru;
play.google.com;
play.google.com;
crystal67.ru;
www.kristal-voda.ru;
a-legenda.ru;
6428328.ru;
www.otzyvru.com;
vodovoz.ru;
3339900.ru;
vam-voda.com;
vodainfo24.ru;
www.magicwaters.ru;
gornaya-dolina.ru;
gornaya-voda.ru;
cone-forest.ru;
vam-voda.spb.ru;
aqualife.ru;
vodaplus.ru;
aquagold24.ru;
www.magicwaters.ru;
www.fountainfoods.ru;
voda-slavnitsa.ru;
waterslife.ru;
voda-mo.ru;
crimea-h2o.ru;
www.vodaonline.ru;
vodaexpress.ru;
aquatimespb.ru;
vodabudet.ru;
www.vipservicemarket.ru;
a2h.ru;
voda-sestrica.ru;
wateryashop.ru;
vodonomika.ru;
vdivo.ru;
gorodvod.ru;
voda-rod.ru;
arkhyzlegenda.ru;
vodabriz.ru;
gornaya-voda.ru;
dostavka-vodu.ru;
voda163.com;
piligrim19.ru;
aqua-work.ru;
vodanara.ru;
waterslife.ru;
257267.ru;
water-life.ru;
аквамир-юг.рф;
aquafontana.ru;
воды.доставка.спб.рф;
www.kingswater.ru;
rodnik-34-life.ru;
вода-мо.рф;
maqua.ru;
vodo-ley.ru;
www.komus.ru;
msk.metro-cc.ru;
www.waterbaikal.ru;
roscontrol.com;
aquagold24.ru;
h2o.ru;
gorodvod.ru;
aqua-work.ru;
voda-life.ru;
aquasochi.com;
www.rubaltic.ru;
tiu.ru;
kristal-voda.com;
aquaflot.ru;
vdivo.ru;
www.tltvodokachka.ru;
gornaya-voda.ru;
akvaimperia.ru;
4kapli.ru;
www.normandika.ru;
mir-vodi.ru;
vrn.vasha-voda.ru;
sibwater.ru;
arkhyz.spb.ru;
kupit-vodu.ru;+74993933359
www.vodaplus.ru;+74952043314
www.hvalwaters.ru;+74995508888
vashvodovoz.ru;+79252061022
kluchz.ru;+78007004701
www.longavita.com;+74959847497
yaistochnik.ru;+74872526169
water8.ru;+74993467976
www.aqua-voda.ru;+74959616284
prirodnie-istochniki.ru;+74955040888
7i77.ru;+79262419809
expresswater.ru;+74951432345
www.mbor.ru;+74955073964
19lit.ru;+74991103674
vodanewmoscow.ru;+74957223046
oz.ru;
aqualurs.ru;
voda-penza.ru;
chistay-voda.ru;
водаесть.рф;
vodasp.ru;
akva-lux-mo.ru;
voda-nadom.ru;
watertodrink.ru;
vodalednik.ru;
tula-voda.ru;
springland.ru;
irbis-nk.ru;
oz-istok.ru;
hotninskaya.ru;
dona-dostavka.ru;
www.h2o.ru;
cleanwaters.ru;
suyum.ru;
www.auchan.ru;
www.ziggi.ru;
smolvoda.ru;
www.ozon.ru;
www.watermos.ru;
www.metro-cc.ru;
baltic-aqua.ru;
sochimineral.ru;
top-cooler.ru;
voda76.ru;
vitelia.ru;
aquaorganic.ru;
citycooler.ru;
zhurava.ru;
pou-cooler.ru;
h2o74.ru;
vodavorle.ru;
arkhizstore.ru;
ирбис.рф;
аква-вита56.рф;
klv45.ru;
voda-nasha.ru;
aqua-voda.ru;
vodonos-serpuhov.ru;
vodavspb.ru;
prirodniydar.ru;
all-coolers.ru;
komuvoda.ru;+7 (996) 869-50-77, +7 (926) 834-09-49
www.sudogodskaya.ru;+7 (495) 133-86-50, +7 (495) 106-20-28
tkbaikalaqua.com;+7 (495) 980-04-00
shop.beerimport.ru;+7 (985) 024-74-06
www.vsegdavoda.ru;+7 (495) 545-49-18
www.okovskiyles.ru;+7 (495) 972-59-94, +7 (495) 961-28-33
vodatrade.ru;+7 (495) 580-50-15
www.world-h2o.ru;+7 (495) 663-86-91, +7 (499) 929-89-22
www.biotronic.ru;+7 (905) 585-05-87, +7 (495) 401-78-40, +7 (495) 229-85-40, +7 (905) 585-06-70, +7 (495) 266-88-22, +7 (495) 725-04-20, +7 (905) 585-65-22, +7 (905) 585-05-96
aquaideal.ru;+7 (495) 772-75-15
www.19lit.ru;+7 (495) 225-57-89
nikolinskaya-voda.ru;+7 (495) 215-12-28, +7 (499) 755-70-79
vodda.ru;+7 (495) 139-69-59
uvinskaya.ru;+7 (495) 369-08-80
