geizer.com;
voda-st.ru;
www.linguee.com;
www.burovik.ru;
www.consultant.ru;
diasel.ru;
www.dp.ru;
kronvoda.ru;
vitarel.ru;
www.ekodar.ru;
www.vodaservis.ru;
www.stmwater.ru;
www.biiks.ru;
vodabriz.ru;
www.abok.ru;
ермон.рф;
domiato.ru;
www.vodanov.ru;
krasnybor.ru;
3339900.ru;
2gis.ru;
www.ozon.ru;
chzmek.ru;
saratov.fas.gov.ru;
voda59.ru;
smolvoda.ru;
krd.ru;
33.rospotrebnadzor.ru;
voda-polza.ru;
www.vodopod-em.ru;
мойбизнес.рф;
www.tplusgroup.ru;
kopanka.ru;
www.geodrilling.ru;
tass.ru;
www.burenie.ru;
admnvrsk.ru;
www.kamgov.ru;
vodakulershop.ru;
bureniespb.ru;
kimberia.ru;
winestyle.ru;
islandwater.ru;
vodarsenal.rkluchz.ru;+79152907837
watervend.ru;+74957892130
www.givajavoda.com;+74957307071
n--p1ai;
www.aqualux-m.ru;
promenergo.spb.ru;
base.garant.ru;
zhkhplus.ru;
www.agrovodcom.ru;
voda-pod-kluch.ru;
www.burenie-msk.ru;
voda-abkd.com;
buralliance.ru;
www.rossalab.ru;
vodarash.ru;
aquaflot.ru;
zakupki.rosneft.ru;
www.4living.ru;
roscomsys.ru;
eco-bur.ru;
gbusc44.mos.ru;
zekor.ru;
mosoblbur.ru;
drilling-msk.ru;
riapo.ru;
neptunbur.ru;
www.rts-tender.ru;
aquamarine-waters.ru;
aqua-mobil.ru;
or71.ru;
www.fish.gov.ru;
akvass.ru;
tomsk.gov.ru;
baltburcom.ru;
iz.ru;
dolinavlg.ru;
domclick.ru;
spa-gesh.ru;
prodoctorov.ru;
www.tripadvisor.com;
www.rbc.ru;
marketing.rbc.ru;
mip.mosinzhproekt.ru;
uad.volgograd.ru;
news.mail.ru;
v102.ru;
avoca-do.com;
oblstroy.volgograd.ru;
www.etagi.com;
www.podrygka.ru;
vodalab.ru;
stroi.mos.ru;
www.cian.ru;
www.volgograd.ru;
www.idisuda.ru;
pkb1.ru;
www.volgadmin.ru;
www.saratovmer.ru;
www.kommersant.ru;
l-wine.ru;
wolkonsky.com;
www.1c-bitrix.ru;
mosgorzdrav.ru;
подольск-администрация.рф;
avaho.ru;
oktyabrskiy.udm.sudrf.ru;
rcmm.ru;
helptomama.ru;
www.google.com;
novostivolgograda.ru;
www.auchan.ru;
seytyak.ru;
inkrasnoarmeisk.ru;
vkusvill.ru;
realty.interfax.ru;
voda-mo.ru;
новостройки34.рф;
ostrovok.ru;
www.tripadvisor.ru;
riac34.ru;
polus-voda.ru;
www.booking.com;
www.nta-nn.ru;
tvil.ru;
zebra-tv.ru;
www.a-hotel.com;
silver-heritage.ru;
cikrf.ru;
onf.ru;
www.sstu.ru;
rusfilter.ru;
erzrf.ru;
centr-vodnikov.ru;
www.tatar-inform.ru;
tula-voda.ru;
oasis-msk.ru;
www.25fbuz.ru;
filwater.ru;
cone-forest.ru;
vodaplus.ru;
www.komus.ru;
mywatershop.ru;
nn-voda.ru;
www.water8.ru;
www.edensprings.ru;
h2o74.ru;
h2onn.ru;
7streams.ru;
dostavka-voda.ru;
www.vodaonline.ru;
aqua7.ru;
voda-nadom.ru;
web.kuler15.ru;
comfort-aqua.ru;
708090.ru;
voda-rod.ru;
mir-vodi.ru;
вода54.рф;
www.citilink.ru;
voda163.com;
kazan.101cooler.ru;
chegdomyn.positronica.ru;
market.yandex.ru;
dominels.ru;
vodasp.ru;
sochimineral.ru;
vodaexpress.ru;
dona-dostavka.ru;
leroymerlin.ru;
www.decathlon.ru;
spray-expert.ru;
rm-voda.ru;
www.onlinetrade.ru;
www.niagara74.ru;
voda209-209.ru;
soundcloud.com;
klimat89.ru;
teplovoz38.ru;
krym.vodovoz.ru;
www.normandika.ru;
skluch.ru;
watertula.ru;
bulbul.ru;
sibwater.ru;
www.dns-shop.ru;
voda71.ru;
drinksnow.ru;
www.aqualeader.ru;
vodavorle.ru;
gorodvod.ru;
www.instagram.com;
www.vseinstrumenti.ru;
www.vilae-shop.ru;
arkhis.ru;
zhurava.ru;
alinkino.ru;
relefopt.ru;
purchase.fortum.ru;
yarvoda.ru;
martika-home.ru;
voda-krym.ru;
suyum.ru;
www.vedomosti.ru;
cgon.rospotrebnadzor.ru;
www.bbc.com;
www.donaldson.com;
ecomaster.ru;
rostov.yitservice.ru;
1prime.ru;
otc.ru;
chistay-voda.ru;
www.bobst.com;
insinkerator.emerson.com;
kazan.leroymerlin.ru;
www.tektorg.ru;
fingazeta.ru;
www.rctest.ru;
tsv-tambov.ru;
inlubertsy.ru;
www.pnp.ru;
www.garant.ru;
www.academlab.ru;
l-w.ru;
www.colgate.ru;
aqua-work.ru;
www.vodovoz-v.ru;
rodniki-urala.ru;
аква-вита56.рф;
altai-krai.arbitr.ru;
www.voda64.ru;
lebo-professional.ru;
www.ishidaeurope.com;
amurtest.ru;
sovadm74.ru;
znapitki.ru;
er.ru;
www.fabrikant.ru;
www.mediasphera.ru;
nplus1.ru;
littlepump.ru;
доставкаводы35.рф;
eshoprzd.ru;
in-schelkovo.ru;
www.linguee.ru;
www.bashinform.ru;
cleanwaters.ru;
www.roseltorg.ru;
kodacka-voda.com;
rodnik.perm.ru;
luidor-ufa.ru;
ofd-ya.ru;
www.tetrapak.com;
rk.gov.ru;
bgtrk.ru;
www.wildberries.ru;
ovteh.ru;
zen.yandex.ru;
www.healthwaters.ru;
roscontrol.com;
www.vodaiceberg.ru;
aquacomplex.livejournal.com;
68.rospotrebnadzor.ru;
tri-kolodtsa.ru;
h2o-institute.com;
univod.ru;
crimea-news.com;
new.gramota.ru;
kakpishem.ru;
yandex.ru;
lifehacker.ru;
news.myseldon.com;
aif.ru;
www.kp.ru;
web-3.ru;
живея.рф;
kak-eto-sdelano.ru;
kak-eto-sdelano.livejournal.com;
www.the-village.ru;
www.ekam.ru;
pikabu.ru;
technosova.ru;
ru.wikihow.com;
www.9111.ru;
indclimat.ru;
oskada.ru;
www.fountainfoods.ru;
www.popmech.ru;
rskrf.ru;
zoon.ru;
kartaslov.ru;
kak-pishetsya.com;
www.moscowmap.ru;
raenza.ru;
nn.ginfo.ru;
www.realtymag.ru;
www.o8ode.ru;
vlg.aif.ru;
lopatino-mo.jimdofree.com;
zachestnyibiznes.ru;
www.1958ypa.ru;
www.sites.google.com;
na-zapade-mos.ru;
fb.ru;
v1.ru;
greendom74.ru;
djartik.livejournal.com;
krylatskoe.com;
spravochnika.ru;
www.tursar.ru;
polyanki.livejournal.com;
www.vsegdavoda.ru;
www.magicwaters.ru;
vodainfo24.ru;
msk.metro-cc.ru;
www.rubaltic.ru;
tiu.ru;
www.sima-land.ru;
plast-m-perm.ru;
aquabalt.ru;
vitelia.ru;
www.akvatar.ru;
badgal.ru;
voda-slavnitsa.ru;
kristal-voda.com;
deepstorm.ru;
voda-1.ru;
7i77.ru;
voda-mira.ru;
eqwater.ru;
www.center-pss.ru;
arkhyz.spb.ru;
m-strana.ru;
okanalizacii.ru;
www.forumhouse.ru;
scvazina.ru;
zen.yandex.com;
skvagina.ru;
remoo.ru;
vatten.ru;
blog.brigada174.ru;
mezozoi.ru;
montagtrub.ru;
бурение-скважин34.рф;
provodoprovod.ru;
fabrika177.ru;
www.kanalizaciya-stroy.ru;
poleznii-site.ru;
kolodezman.ru;
strojdvor.ru;
tehnova.ru;
sandizain.ru;
on-line-wellness.com;
vseobzorko.ru;
vodasovet.ru;
burakvastroy.ru;
stroy-podskazka.ru;
zlatogorka-voda.ru;
bulding.ru;
m;
foursquare.com;
news.obozrevatel.com;
burenie-servis.ru;
мурманбур.рф;
www.facebook.com;
www.facebook.com;
voda-leningrad.ru;
ekovodashop.ru;
вода-роса.рф;
vodavl.ru;
3339900.ru;
www.demid-online.ru;
vasha-voda.ru;
akvaimperia.ru;
aqua-work.ru;
tda23.ru;
vodovoz.ru;
vodi4ka.com;
polzavoda-m.ru;
vrn.vasha-voda.ru;
vodavpskove.ru;
www.vipservicemarket.ru;
vodaplus.ru;
доставкаводысочи.рф;
rsvoda.com;
vam-voda.com;
вода61.рф;
vam-voda.com;
uhta24.ru;
fsvoda.ru;
vasha-voda.ru;
neriya.ru;
soundcloud.com;
rodnik-ekb.ru;
вода-тверь.рф;
доставкаводы19л.рф;
вамвода.рф;
voda-chernogolovka.ru;
soundcloud.com;
fsvoda.ru;
burgasvoda.com;
aquavv.ru;
h2o.артеза-юг.рф;
youla.ru;
vodaplus.ru;
доставкаводы48.рф;
antarktida-voda.ru;
nn-voda.ru;
aquatimespb.ru;
